"","CCID","Timepoint","Sex","Race","Ethnicity","CodingChange","AA.Change","Genomic.Change..GRCh37.","MutClass","Variant","Variant_Full","Methylation","Genomic.Change..GRCh38.","ID.1","Time","Time2","Donor","Group","Outliers","Order","Concentration","RIN","B.cells.naive","B.cells.memory","Plasma.cells","T.cells.CD8","T.cells.CD4.naive","T.cells.CD4.memory.resting","T.cells.CD4.memory.activated","T.cells.follicular.helper","T.cells.regulatory..Tregs.","T.cells.gamma.delta","NK.cells.resting","NK.cells.activated","Monocytes","Macrophages.M0","Macrophages.M1","Macrophages.M2","Dendritic.cells.resting","Dendritic.cells.activated","Mast.cells.resting","Mast.cells.activated","Eosinophils","Neutrophils","P.value","Correlation","RMSE"
"CC1327.202.Pre","CC1327.202","Baseline","M","White","UNK","NM_015339.4:c.2496_2499delTAAA","p.Asn832Lysfs*81","chr20:g.49508752_49508755delTTTA","Class I","frameshift","frameshift (recurrent p.Asn832Lysfs*81)","Altered","","CC1327.202.Pre",0,0,"CC1327","Pre","na",1,"21.92",8.5,0.15261322562991,0,0.00403904795693452,0.0828099419880339,0.1631808761023,0.0708566773001366,0.012362896848413,0,0,0,0.0233127681052147,0.0036499386611213,0.183237964554735,0,0,0,0,0.00112945402554165,0.0243687231704353,0,0,0.278438485657224,0,0.679342726240176,0.747009976400849
"CC1329.202.Pre","CC1329.202","Baseline","F","White","notHisp","NM_015339.4:c.361_362delTT","p.Leu121Glyfs*5","chr20:g.49510889_49510890delAA","Class I","frameshift","frameshift","Altered","","CC1329.202.Pre",0,0,"CC1329","Pre","na",2,"68.39",7.5,0.116987317557119,0.00500436811327028,0,0.0343883367758374,0.171458433628655,0.0707650567586359,0.00353749310298391,0,0,0,0.0481153735743277,0,0.13834776412347,0,0,0,0,0.00140194432640415,0.022018784053232,0,0,0.387975127986065,0,0.707178031587624,0.714514157153279
"CC1368.202.Pre","CC1368.202","Baseline","F","White","notHisp","NM_015339.4:c.2157C>A","p.Tyr719*","chr20:g.49509094G>T","Class II","nonsense","nonsense (recurrent p.Tyr719*)","Outlier","","CC1368.202.Pre",0,0,"CC1368","Pre","na",3,"12.76",NA,0.0507430702045829,0,0.00291500719872134,0.00445401413661531,0.135166639177151,0.0561524152637097,0,0,0,0,0.0409659587832461,0,0.1488289139252,0,0,0,0,0.0107420816654746,0.0070495972879113,0,0,0.542982302357388,0,0.719373097901736,0.695425469847252
"CC1409.203.Pre","CC1409.203","Baseline","M","White","notHisp","NM_015339.4:c.1106_1108delTACinsCTGT","p.Leu369Serfs*30","chr20:g.49510143_49510145delinsACAG","Class I","frameshift","frameshift","Altered","","CC1409.203.Pre",0,0,"CC1409","Pre","na",4,"51.64",8.6,0.0577534887875238,0,0,0.0447104558019944,0.141759208337288,0.161210542713298,0.000607221000763138,0,0,0,0.175536547455367,0,0.151494654750779,0,0,0,0,0.00362741615323027,0.0259347290785338,0,0,0.237365735921223,0,0.5753352186799,0.818837288469032
"CC1420.204.Pre","CC1420.204","Baseline","F","White","notHisp","NM_015339.4:c.2157C>A","p.Tyr719*","chr20:g.49509094G>T","Class II","nonsense","nonsense (recurrent p.Tyr719*)",NA,"","CC1420.204.Pre",0,0,"CC1420","Pre","na",5,"62.36",8,0.131069450909496,0,0,0.104132898068347,0.212477512679366,0.0899660529768963,0,0,0,0,0.0828786020429301,0,0.125537107121166,0,0,0,0,0.00173569021854114,0.0117879442282843,0,0,0.240414741754972,0,0.557908893302212,0.829938903339646
"CC1566.203.Pre","CC1566.203","Baseline","M","White","notHisp","NM_015339.4:c.2213C>A","p.Ser738*","chr20:g.49509038G>T","Class II","nonsense","nonsense",NA,"","CC1566.203.Pre",0,0,"CC1566","Pre","na",6,"51.01",7.9,0.120177601507251,0,0,0.0298259159437444,0.27731177480087,0.111633247507824,0,0,0,0,0.0361188029733313,0,0.196498445482448,0.00577800436589631,0,0,0,0.00145874900241045,0.00433101768994902,0,0,0.216866440726275,0,0.439794172584708,0.900993333779496
"CC1628.201.Pre","CC1628.201","Baseline","M","White","notHisp","NM_015339.4:c.337_340del","p.Thr113Serfs*47","chr20:g.49510911_49510914delAGGT","Class I","frameshift","frameshift",NA,"","CC1628.201.Pre",0,0,"CC1628","Pre","na",7,"35.1",7.8,0.110598055312648,0,0,0.103346838037897,0.174421684123055,0.0900225320236184,0,0,0,0,0.162142312562698,0,0.160270349477135,0,0,0,0,0.00179304288290689,0.00587623708208617,0,0,0.191528948497956,0,0.518290275718999,0.854481639258549
"CC1668.201.Pre","CC1668.201","Baseline","M",NA,NA,"NM_015339.4:c.819delC","p.Lys274Asnfs*31","chr20:g.49510432delG","Class I","frameshift","frameshift",NA,"","CC1668.201.Pre",0,0,"CC1668","Pre","na",8,"16.74",8.6,0.125457217796499,0,0,0,0.174083483010805,0.0698781440534452,0.00863063852843037,0,0,0,0.0282140910149998,0,0.152244792329741,0,0,0,0,0,0.0231087436678594,0,0,0.41838288959822,0,0.62377391695888,0.78122185709785
"CC1327.202.Post","CC1327.202","DosingDay0","M","White","UNK","NM_015339.4:c.2496_2499delTAAA","p.Asn832Lysfs*81","chr20:g.49508752_49508755delTTTA","Class I","frameshift","frameshift (recurrent p.Asn832Lysfs*81)","Altered","","CC1327.202.Post",5,5,"CC1327","Post","na",45,"56.88",8.5,0.152416820716037,0,0,0.0463237504351462,0.177251462293488,0.0610526243596916,0.00922799142816704,0,0,0,0.0132699573357219,0.00267854921798436,0.122622916559972,0,0,0,0,4.84355465394859e-05,0.0225882552664397,0,0,0.392519236840812,0,0.698191407446817,0.721429425801136
"CC1360.201.Post","CC1360.201","DosingDay0","M","White","Hisp/Lantinx","NM_015339.4:c.339delC","p.Phe114Serfs*47","chr20:g.49510912delG","Class I","frameshift","frameshift","Altered","","CC1360.201.Post",5,5,"CC1360","Post","na",47,"22.73",7.5,0.0514552653452759,0.00420506321991057,0,0,0.161386295681698,0.11899328081285,0.0135397198855513,0,0.00756929745960089,0,0.0663202550295741,0,0.12707869672865,0,0,0,0,0.0103556678796534,0.00411470962542487,0,0,0.434981748331811,0,0.708914618856847,0.708550524486352
"CC1368.202.Post","CC1368.202","DosingDay0","F","White","notHisp","NM_015339.4:c.2157C>A","p.Tyr719*","chr20:g.49509094G>T","Class II","nonsense","nonsense (recurrent p.Tyr719*)","Outlier","","CC1368.202.Post",5,5,"CC1368","Post","na",48,"83.46",8.2,0.0278211895985257,0.000695098617534107,0.00206722163840468,0,0.143087509485405,0.0897499013896816,0.00289629059903688,0,0,0,0.0651895937658359,0,0.11299811230102,0,0,0,0,0.00168860469311249,0.0265262157858105,0,0,0.527280262125633,0,0.688908265787449,0.725580136313762
"CC1409.203.Post","CC1409.203","DosingDay0","M","White","notHisp","NM_015339.4:c.1106_1108delTACinsCTGT","p.Leu369Serfs*30","chr20:g.49510143_49510145delinsACAG","Class I","frameshift","frameshift","Altered","","CC1409.203.Post",5,5,"CC1409","Post","na",49,"11.76",8.4,0.0224621604186436,0,0.00827141400301672,0,0.147878705682504,0.0960917147377406,0.0125748105017929,0,0,0,0.0420781710621174,0,0.110597914439552,0.0261351480154651,0,0,0,0.00920009522280516,0.00932905268584266,0,0,0.51538081323052,0,0.726116530690953,0.687926073961942
"CC1420.204.Post","CC1420.204","DosingDay0","F","White","notHisp","NM_015339.4:c.2157C>A","p.Tyr719*","chr20:g.49509094G>T","Class II","nonsense","nonsense (recurrent p.Tyr719*)",NA,"","CC1420.204.Post",5,5,"CC1420","Post","na",50,"50.85",5.9,0.124488155013217,0,0,0.0633840690482709,0.221167348737661,0.130943486255204,0,0,0,0,0.0811219850609697,0,0.0882083382728458,0.00104338321795579,0,0,0,0.00036345512561948,0.00450967763633653,0,0,0.28477010163192,0,0.57384283046801,0.818849333557656
"CC1566.203.Post","CC1566.203","DosingDay0","M","White","notHisp","NM_015339.4:c.2213C>A","p.Ser738*","chr20:g.49509038G>T","Class II","nonsense","nonsense",NA,"","CC1566.203.Post",5,5,"CC1566","Post","na",51,"81.85",8,0.103231796477558,0,0,0.0261063176530791,0.320830919987813,0.0634968221478261,0.000778953245008802,0,0,0,0.0498444865217505,0,0.135188708611196,0.0156275463616363,0,0,0,0.000149729696061471,0,0,0,0.284744719298071,0,0.584184165296137,0.811556137756659
"CC1628.201.Post","CC1628.201","DosingDay0","M","White","notHisp","NM_015339.4:c.337_340del","p.Thr113Serfs*47","chr20:g.49510911_49510914delAGGT","Class I","frameshift","frameshift",NA,"","CC1628.201.Post",5,5,"CC1628","Post","na",52,"16.49",7.6,0.164497940012633,0,0,0.0514117790014082,0.264614327354614,0.0553611647002926,0,0,0,0,0.0648364544485639,0,0.0943750131199555,0.00905926210015628,0,0,0,0.000983105054903442,0.00429565582688872,0,0,0.290565298380585,0,0.512422492530756,0.858647139248933
"CC1680.202.Post","CC1680.202","DosingDay0","M","UNK","Hisp/Lantinx","NM_015339.4:c.651_655del","p.Glu218*","chr20:g.49510600_49510604del","Class I","nonsense","nonsense",NA,"g.50894063_50894067del","CC1680.202.Post",5,5,"CC1680","Post","na",54,"35.49",7.5,0.0298430654495343,0,0.0116913530622848,0,0.089225660969463,0.0541888871189502,0.00359025981701302,0,0,0,0.0523394744703253,0.0146883423356405,0.107817962523586,0,0,0,0,0.00471539342903762,0.0346679733133653,0,0,0.5972316275108,0,0.690196521913142,0.729996609269325
"CC1327.202.D1","CC1327.202","Day1_post","M","White","UNK","NM_015339.4:c.2496_2499delTAAA","p.Asn832Lysfs*81","chr20:g.49508752_49508755delTTTA","Class I","frameshift","frameshift (recurrent p.Asn832Lysfs*81)","Altered","","CC1327.202.D1",1,1,"CC1327","D1","na",9,"35.22",8.1,0.189377048991833,0,0,0.0511054816166501,0.200408701525643,0.117544408710295,0.00298055451010855,0,0,0,0.0355481997053622,0.00571001824462739,0.153560457836721,0,0,0,0,0.00432576059813946,0.0211991757585717,0,0,0.218240192502049,0,0.634487682689361,0.782198518140929
"CC1329.202.D1","CC1329.202","Day1_post","F","White","notHisp","NM_015339.4:c.361_362delTT","p.Leu121Glyfs*5","chr20:g.49510889_49510890delAA","Class I","frameshift","frameshift","Altered","","CC1329.202.D1",1,1,"CC1329","D1","na",10,"12.48",NA,0.0698530503279189,0,0,0.00642653403584049,0.212770887460554,0.0702213083444209,0,0,0,0,0.10726309918465,0,0.0915522750347142,0,0,0,0,0,0.0132730854826305,0,0,0.428639760129271,0,0.656282706372663,0.754841110710501
"CC1360.201.D1","CC1360.201","Day1_post","M","White","Hisp/Lantinx","NM_015339.4:c.339delC","p.Phe114Serfs*47","chr20:g.49510912delG","Class I","frameshift","frameshift","Altered","","CC1360.201.D1",1,1,"CC1360","D1","na",11,"16.03",NA,0.0982428276486286,0,0,0.0121211145802443,0.198885113109313,0.109264771496917,0,0,0,0,0.0406490478222485,0.00442422177063218,0.14923549892356,0,0,0,0,0.00442421965928695,0.025369689576502,0,0,0.357383495412667,0,0.675560958645681,0.742576212641299
"CC1368.202.D1","CC1368.202","Day1_post","F","White","notHisp","NM_015339.4:c.2157C>A","p.Tyr719*","chr20:g.49509094G>T","Class II","nonsense","nonsense (recurrent p.Tyr719*)","Outlier","","CC1368.202.D1",1,1,"CC1368","D1","na",12,"22.35",8.9,0.101044626679036,0,0,0.0255292145999659,0.180272701789607,0.106262767962492,0.00345748255623126,0,0,0,0.0479367126825603,0,0.0776276551900242,0,0,0,0,0,0.0121867064958572,0,0,0.445682132044226,0,0.671288384070389,0.741759598540968
"CC1409.203.D1","CC1409.203","Day1_post","M","White","notHisp","NM_015339.4:c.1106_1108delTACinsCTGT","p.Leu369Serfs*30","chr20:g.49510143_49510145delinsACAG","Class I","frameshift","frameshift","Altered","","CC1409.203.D1",1,1,"CC1409","D1","na",13,"13.5",7.3,0.0451299657572717,0.00159160802260996,0,0,0.186351356254797,0.199267902878786,0.00963972747859305,0,0,0,0.181769415749883,0,0.144143505810965,0.0159175833865824,0,0,0,0.00507204804018693,0,0,0,0.211116886620325,0,0.594079837224486,0.807051684398797
"CC1420.204.D1","CC1420.204","Day1_post","F","White","notHisp","NM_015339.4:c.2157C>A","p.Tyr719*","chr20:g.49509094G>T","Class II","nonsense","nonsense (recurrent p.Tyr719*)",NA,"","CC1420.204.D1",1,1,"CC1420","D1","na",14,"26.21",NA,0.185873656139323,0,0,0.100680282184118,0.284055477033966,0.0971707770281139,0,0,0,0,0.115875019455236,0,0.0814671483249208,0,0,0,0,0.00147356009655188,0.00527952267856414,0,0,0.128124557059207,0,0.587928849656054,0.811272101829174
"CC1566.203.D1","CC1566.203","Day1_post","M","White","notHisp","NM_015339.4:c.2213C>A","p.Ser738*","chr20:g.49509038G>T","Class II","nonsense","nonsense",NA,"","CC1566.203.D1",1,1,"CC1566","D1","na",15,"28.76",NA,0.128874769814195,0,0,0.0268873721127315,0.389418509417356,0.0891685815503394,0,0,0,0,0.0368238498088895,0,0.179680920044697,0,0,0,0,0.00330881833978447,0.0036951651854984,0,0,0.142142013726508,0,0.594126861432969,0.807560003733813
"CC1628.201.D1","CC1628.201","Day1_post","M","White","notHisp","NM_015339.4:c.337_340del","p.Thr113Serfs*47","chr20:g.49510911_49510914delAGGT","Class I","frameshift","frameshift",NA,"","CC1628.201.D1",1,1,"CC1628","D1","na",16,"9.897",7.9,0.106467943440681,0,0,0.0836343089920194,0.213396531184528,0.0869176508212897,0,0,0,0,0.120719399297547,0,0.129351570197102,0,0,0,0,0.00155729711841078,0.0075546415904816,0,0,0.25040065735794,0,0.565455409143362,0.824939177697659
"CC1327.202.Wk1","CC1327.202","Week1_post","M","White","UNK","NM_015339.4:c.2496_2499delTAAA","p.Asn832Lysfs*81","chr20:g.49508752_49508755delTTTA","Class I","frameshift","frameshift (recurrent p.Asn832Lysfs*81)","Altered","","CC1327.202.Wk1",2,2,"CC1327","Wk1","na",17,"91.58",8.3,0.159964392671494,0.000898495674612912,0,0.0504797691850202,0.165889107349444,0.0581882157146859,0.0107094663526278,0,0,0,0.0208729139933757,0.000891040487151444,0.163822424307613,0,0,0,0,0.0012256232463991,0.0225919579474568,0,0,0.344466593070119,0,0.685880644320977,0.735209001566133
"CC1329.202.Wk1","CC1329.202","Week1_post","F","White","notHisp","NM_015339.4:c.361_362delTT","p.Leu121Glyfs*5","chr20:g.49510889_49510890delAA","Class I","frameshift","frameshift","Altered","","CC1329.202.Wk1",2,2,"CC1329","Wk1","na",18,"69.41",8.4,0.0964144799195718,0,0,0.0404851109585291,0.232695340928133,0.0149205418939479,0,0,0,0,0.113831283343867,0,0.0819052245930509,0,0,0,0,0.00132160718575449,0.0224404341331119,0,0,0.395985977044034,0,0.694655054948155,0.725322410649205
"CC1360.201.Wk1","CC1360.201","Week1_post","M","White","Hisp/Lantinx","NM_015339.4:c.339delC","p.Phe114Serfs*47","chr20:g.49510912delG","Class I","frameshift","frameshift","Altered","","CC1360.201.Wk1",2,2,"CC1360","Wk1","na",19,"20.85",7.9,0.058263296643601,0,0.00482035747535635,0.00766296690451243,0.119272629099197,0.0822487999705946,0.0209692013953742,0,0.00881704057756975,0,0.0287963844900075,0,0.137536872442747,0.00460273008660676,0,0,0,0.00771742602537333,0.0092481644637943,0,0,0.510044130425266,0,0.782793155137612,0.627318752634873
"CC1368.202.Wk1","CC1368.202","Week1_post","F","White","notHisp","NM_015339.4:c.2157C>A","p.Tyr719*","chr20:g.49509094G>T","Class II","nonsense","nonsense (recurrent p.Tyr719*)","Outlier","","CC1368.202.Wk1",2,2,"CC1368","Wk1","na",20,"11.98",8.1,0.0861520229143657,0,0,0.034738546844004,0.160562549389939,0.0633490368637752,0.00649490693635149,0,0,0,0.0446251018621666,0,0.0503825031709664,0,0,0,0,0,0.0160333967253168,0,0,0.537661935293114,0,0.668020490829446,0.74584629374595
"CC1409.203.Wk1","CC1409.203","Week1_post","M","White","notHisp","NM_015339.4:c.1106_1108delTACinsCTGT","p.Leu369Serfs*30","chr20:g.49510143_49510145delinsACAG","Class I","frameshift","frameshift","Altered","","CC1409.203.Wk1",2,2,"CC1409","Wk1","na",21,"12.81",8.3,0.0400499483125367,0,0,0.0147004560389297,0.193461993050957,0.138954896332099,0,0,0,0,0.101211820421892,0.00304226367586157,0.168502950472444,0,0,0,0,0.00377036704598789,0.0304299129734431,0,0,0.305875391675849,0,0.6417101344017,0.771200860162873
"CC1420.204.Wk1","CC1420.204","Week1_post","F","White","notHisp","NM_015339.4:c.2157C>A","p.Tyr719*","chr20:g.49509094G>T","Class II","nonsense","nonsense (recurrent p.Tyr719*)",NA,"","CC1420.204.Wk1",2,2,"CC1420","Wk1","na",22,"18.13",7.9,0.148153184132538,0,0,0.0881393914778491,0.221550406656944,0.0579043060097759,0,0,0,0,0.0514389336779854,0,0.122562598816566,0,0,0,0,0,0.0192534608868708,0,0,0.290997718341471,0,0.622230700963961,0.786234449872759
"CC1566.203.Wk1","CC1566.203","Week1_post","M","White","notHisp","NM_015339.4:c.2213C>A","p.Ser738*","chr20:g.49509038G>T","Class II","nonsense","nonsense",NA,"","CC1566.203.Wk1",2,2,"CC1566","Wk1","na",23,"68.39",8.2,0.110035950400656,0,0,0.0426315668560354,0.289528254042788,0.111922353514068,0,0,0,0,0.0432957608524532,0,0.18748020696108,0,0,0,0,0.00346036315257957,0.00555406595169459,0,0,0.206091478268645,0,0.52452332124311,0.850596648052161
"CC1628.201.Wk1","CC1628.201","Week1_post","M","White","notHisp","NM_015339.4:c.337_340del","p.Thr113Serfs*47","chr20:g.49510911_49510914delAGGT","Class I","frameshift","frameshift",NA,"","CC1628.201.Wk1",2,2,"CC1628","Wk1","na",24,"20.62",NA,0.102132001038384,0,0,0.0599188640074134,0.19357760096848,0.124621054550051,0,0,0,0,0.122147383174826,0,0.14487491986087,0,0,0,0,0.003450852012954,0.0057267982351806,0,0,0.24355052615184,0,0.584864397376124,0.812715690801234
"CC1327.202.Wk2","CC1327.202","Week2_post","M","White","UNK","NM_015339.4:c.2496_2499delTAAA","p.Asn832Lysfs*81","chr20:g.49508752_49508755delTTTA","Class I","frameshift","frameshift (recurrent p.Asn832Lysfs*81)","Altered","","CC1327.202.Wk2",3,3,"CC1327","Wk2","na",25,"70.15",8.3,0.220737039205236,0,0,0.062209609997867,0.175947105799801,0.124171647117739,0.0104842926483423,0,0,0,0.0390074105551812,0,0.162043752260823,0,0,0,0,0.000118075147631719,0.00923605478090475,0,0,0.196045012486475,0,0.62530233329541,0.788269648752377
"CC1329.202.Wk2","CC1329.202","Week2_post","F","White","notHisp","NM_015339.4:c.361_362delTT","p.Leu121Glyfs*5","chr20:g.49510889_49510890delAA","Class I","frameshift","frameshift","Altered","","CC1329.202.Wk2",3,3,"CC1329","Wk2","na",26,"33.72",NA,0.0923497835236655,0,0,0.0315134844438823,0.249155614148888,0.0190678727241101,0,0,0,0,0.0729643758094168,0,0.0789589372900894,0.00167076621571644,0,0,0,0.000120649010393691,0.0134490388520147,0,0,0.440749477981823,0,0.688357505414178,0.727085822118353
"CC1360.201.Wk2","CC1360.201","Week2_post","M","White","Hisp/Lantinx","NM_015339.4:c.339delC","p.Phe114Serfs*47","chr20:g.49510912delG","Class I","frameshift","frameshift","Altered","","CC1360.201.Wk2",3,3,"CC1360","Wk2","na",27,"42.27",8.6,0.0917729297627242,0,0,0.0116060152782945,0.138942114964796,0.132877967132383,0.00149115194262525,0,0,0,0.0372603588803398,0.00101498564861611,0.117122804980733,0,0,0,0,0.00510166539139003,0.0196218005503449,0,0,0.443188205467753,0,0.708788323738755,0.708417952757347
"CC1368.202.Wk2","CC1368.202","Week2_post","F","White","notHisp","NM_015339.4:c.2157C>A","p.Tyr719*","chr20:g.49509094G>T","Class II","nonsense","nonsense (recurrent p.Tyr719*)","Outlier","","CC1368.202.Wk2",3,3,"CC1368","Wk2","na",28,"65.63",6.7,0.0635007393483876,0,0.00488291616539315,0.00249617202269293,0.209817999143794,0.112326411506197,0.0164661944851646,0,0,0,0.0535483009274042,0,0.0878132433406482,0,0,0,0,0,0,0,0,0.449148023060318,0,0.628430183815055,0.777800803300879
"CC1409.203.Wk2","CC1409.203","Week2_post","M","White","notHisp","NM_015339.4:c.1106_1108delTACinsCTGT","p.Leu369Serfs*30","chr20:g.49510143_49510145delinsACAG","Class I","frameshift","frameshift","Altered","","CC1409.203.Wk2",3,3,"CC1409","Wk2","na",29,"39.62",8.3,0.0689103482118145,0,0,0.0529390419796585,0.257822176360561,0.0911107328331375,0,0,0,0,0.0954404886913748,0.00200806235308928,0.137502032487348,0,0,0,0,0.00369808112721942,0.0234994903430494,0,0,0.267069545612747,0,0.651429640033982,0.767062224277719
"CC1420.204.Wk2","CC1420.204","Week2_post","F","White","notHisp","NM_015339.4:c.2157C>A","p.Tyr719*","chr20:g.49509094G>T","Class II","nonsense","nonsense (recurrent p.Tyr719*)",NA,"","CC1420.204.Wk2",3,3,"CC1420","Wk2","na",30,"149",8.1,0.14413520777539,0,0,0.040483528723133,0.306808898576187,0.104898479686593,0,0,0,0,0.0490726039412006,0.00624483016766707,0.139388203514574,0,0,0,0,0.00390744032632592,0.0164118573603568,0,0,0.188648949928572,0,0.554285391428493,0.832751111494892
"CC1566.203.Wk2","CC1566.203","Week2_post","M","White","notHisp","NM_015339.4:c.2213C>A","p.Ser738*","chr20:g.49509038G>T","Class II","nonsense","nonsense",NA,"","CC1566.203.Wk2",3,3,"CC1566","Wk2","na",31,"low",NA,0.119594620478847,0,0,0.0168742347508168,0.328817541431158,0.0864138837036053,0,0,0,0,0.0315062075305226,0,0.199008183387891,0,0,0,0,0.00259336146174534,0.0059044299217826,0,0,0.209287537333631,0,0.588804638863386,0.810107847149436
"CC1628.201.Wk2","CC1628.201","Week2_post","M","White","notHisp","NM_015339.4:c.337_340del","p.Thr113Serfs*47","chr20:g.49510911_49510914delAGGT","Class I","frameshift","frameshift",NA,"","CC1628.201.Wk2",3,3,"CC1628","Wk2","na",32,"92.12",8.7,0.142722901884589,0,0,0.0752357621402549,0.189971716913888,0.055517142402534,0,0,0,0,0.0813996214934614,0,0.122631549432542,0,0,0,0,0,0.0153965798840892,0,0,0.317124725848641,0,0.639110907079965,0.773287062515923
"CC1668.201.Wk2","CC1668.201","Week2_post","M",NA,NA,"NM_015339.4:c.819delC","p.Lys274Asnfs*31","chr20:g.49510432delG","Class I","frameshift","frameshift",NA,"","CC1668.201.Wk2",3,3,"CC1668","Wk2","na",33,"36.12",8.4,0.209267649605905,0,0,0.0273778259479775,0.163804736114253,0.0876516403231915,0,0,0,0,0.060520173286268,0,0.159995810336622,0.00217838969482611,0,0,0,0,0.0151065979499773,0,0,0.27409717674098,0,0.602013816903827,0.800484728984716
"CC1680.202.Wk2","CC1680.202","Week2_post","M","UNK","Hisp/Lantinx","NM_015339.4:c.651_655del","p.Glu218*","chr20:g.49510600_49510604del","Class I","nonsense","nonsense",NA,"g.50894063_50894067del","CC1680.202.Wk2",3,3,"CC1680","Wk2","na",34,"34.98",8.4,0.0734866563597368,0,0.00124075700942025,0.0175955143735662,0.0305638420091294,0.093106402588193,0.00126262665839666,0,0,0,0.0696964247818737,0,0.125025540416248,0,0,0,0,0,0.0167711551477568,0,0,0.571251080655679,0,0.732059970893297,0.682926570774004
"CC1327.202.Wk4","CC1327.202","Week4_post","M","White","UNK","NM_015339.4:c.2496_2499delTAAA","p.Asn832Lysfs*81","chr20:g.49508752_49508755delTTTA","Class I","frameshift","frameshift (recurrent p.Asn832Lysfs*81)","Altered","","CC1327.202.Wk4",4,4,"CC1327","Wk4","na",35,"91.51",8.2,0.128320772807441,0.00168101267067708,0,0.0378225754381186,0.173633229635733,0.0635061424846239,0.0070168352148245,0,0,0,0.0665733420928356,0,0.128057470769095,0,0,0,0,0.000533280350372011,0.0126580209729922,0,0,0.380197317563287,0,0.70134803029644,0.720415301258543
"CC1329.202.Wk4","CC1329.202","Week4_post","F","White","notHisp","NM_015339.4:c.361_362delTT","p.Leu121Glyfs*5","chr20:g.49510889_49510890delAA","Class I","frameshift","frameshift","Altered","","CC1329.202.Wk4",4,4,"CC1329","Wk4","na",36,"59.61",8,0.104721789378629,0,0,0.0216204597730105,0.22712738402077,0.0586865467430995,0,0,0,0,0.0627407228178704,0,0.0855123009966875,0.000937933831553229,0,0,0,0,0.0177279081792396,0,0,0.42092495425914,0,0.659078295266775,0.752785193089299
"CC1360.201.Wk4","CC1360.201","Week4_post","M","White","Hisp/Lantinx","NM_015339.4:c.339delC","p.Phe114Serfs*47","chr20:g.49510912delG","Class I","frameshift","frameshift","Altered","","CC1360.201.Wk4",4,4,"CC1360","Wk4","na",37,"10.37",NA,0.119968627325118,0,0,0.0174983719926331,0.136646070770848,0.0847763492062784,0.0084396129763367,0,0,0,0.0318647688500624,0.000711212896387468,0.0941596508545338,0,0,0,0,0.000370885273998615,0.0233495763518253,0,0,0.482214873501978,0,0.740288148325606,0.676186767250665
"CC1368.202.Wk4","CC1368.202","Week4_post","F","White","notHisp","NM_015339.4:c.2157C>A","p.Tyr719*","chr20:g.49509094G>T","Class II","nonsense","nonsense (recurrent p.Tyr719*)","Outlier","","CC1368.202.Wk4",4,4,"CC1368","Wk4","na",38,"74.67",8.6,0.0810084994899371,0,0,0.0304531335740088,0.245360538576307,0.13705500155212,0.00164310302140515,0,0,0,0.0662314410322396,0,0.154594954605944,0,0,0,0,0.00073436550111044,0.00900600298952807,0,0,0.273912959657399,0,0.614203173520133,0.791605364881817
"CC1409.203.Wk4","CC1409.203","Week4_post","M","White","notHisp","NM_015339.4:c.1106_1108delTACinsCTGT","p.Leu369Serfs*30","chr20:g.49510143_49510145delinsACAG","Class I","frameshift","frameshift","Altered","","CC1409.203.Wk4",4,4,"CC1409","Wk4","na",39,"24.26",8.1,0.0946282532934688,0,0,0.0804108210079674,0.232427747311112,0.0634710437356767,0,0,0,0,0.125320910001338,0,0.137646844648577,0,0,0,0,0.00195931933444279,0.0128514174641013,0,0,0.251283643203317,0,0.645909619300751,0.771866671871426
"CC1420.204.Wk4","CC1420.204","Week4_post","F","White","notHisp","NM_015339.4:c.2157C>A","p.Tyr719*","chr20:g.49509094G>T","Class II","nonsense","nonsense (recurrent p.Tyr719*)",NA,"","CC1420.204.Wk4",4,4,"CC1420","Wk4","na",40,"85.4",8.4,0.153560959322881,0,0,0.0531450523260091,0.276371408361646,0.0855246884683692,0,0,0,0,0.0462514470927557,0.0102523513705157,0.112471216478277,0,0,0,0,0.00435384637102765,0.0215055598184318,0,0,0.236563470390087,0,0.616964197002575,0.7922648640929
"CC1566.203.Wk4","CC1566.203","Week4_post","M","White","notHisp","NM_015339.4:c.2213C>A","p.Ser738*","chr20:g.49509038G>T","Class II","nonsense","nonsense",NA,"","CC1566.203.Wk4",4,4,"CC1566","Wk4","na",41,"5.76",NA,0.106436190625953,0,0,0.025147226563982,0.31611557222592,0.101103889376288,0.0106193284054498,0,0,0,0.0347911792420976,0,0.200203972460836,0,0,0,0,0.00356718108958623,0.0114493534307275,0,0,0.190566106579161,0,0.60986318375177,0.797717048153894
"CC1668.201.Wk4","CC1668.201","Week4_post","M",NA,NA,"NM_015339.4:c.819delC","p.Lys274Asnfs*31","chr20:g.49510432delG","Class I","frameshift","frameshift",NA,"","CC1668.201.Wk4",4,4,"CC1668","Wk4","na",43,"6.658",8.4,0.198190451162905,0,0,0.020753667239126,0.124136379206381,0.0696247767241917,0.01705892760679,0,0.017234698792621,0,0.0599703172701746,0,0.117491932479329,0.00459143084760986,0,0,0,0.0043748645566346,0,0,0,0.366572554114237,0,0.633639058105315,0.774758245786689
"CC1680.202.Wk4","CC1680.202","Week4_post","M","UNK","Hisp/Lantinx","NM_015339.4:c.651_655del","p.Glu218*","chr20:g.49510600_49510604del","Class I","nonsense","nonsense",NA,"g.50894063_50894067del","CC1680.202.Wk4",4,4,"CC1680","Wk4","na",44,"25.32",8.8,0.0986259049321335,0,0.000996641611345446,0.0252920611058437,0.0361507231366592,0.11388402265956,0,0,0,0,0.071422175617191,0,0.0958459559655368,0,0,0,0,0,0.0226436701539308,0,0,0.5351388448178,0,0.718801823277254,0.696069877463709
