,Assembly,Position,Coverage,ref,skip,cR,pR,A,C,G,T,d,i,InsMode
Sample_CC1368-202-Pre,chr20,50892557,50,G,1,24,0.49,0.0000,0.0000,0.0000,0.5102,0.00,0.00,
Sample_CC1368-202-Post,chr20,50892557,75,G,4,35,0.49,0.0141,0.0000,0.0000,0.4930,0.00,0.00,
Sample_CC1368-202-D1,chr20,50892557,94,G,3,50,0.55,0.0000,0.0000,0.0000,0.4505,0.00,0.00,
Sample_CC1368-202-Wk1,chr20,50892557,55,G,0,27,0.49,0.0000,0.0000,0.0000,0.5091,0.00,0.00,
Sample_CC1368-202-Wk2,chr20,50892557,74,G,2,33,0.46,0.0000,0.0000,0.0000,0.5417,0.00,0.00,
Sample_CC1368-202-Wk4,chr20,50892557,65,G,0,29,0.45,0.0154,0.0000,0.0000,0.5385,0.00,0.00,
Sample_CC1420-204-Pre,chr20,50892557,136,G,3,69,0.52,0.0000,0.0000,0.0000,0.4812,0.00,0.00,
Sample_CC1420-204-Post,chr20,50892557,87,G,1,45,0.52,0.0000,0.0000,0.0000,0.4767,0.00,0.00,
Sample_CC1420-204-D1,chr20,50892557,60,G,0,35,0.58,0.0000,0.0000,0.0000,0.4167,0.00,0.00,
Sample_CC1420-204-Wk1,chr20,50892557,51,G,1,28,0.56,0.0000,0.0000,0.0000,0.4400,0.00,0.00,
Sample_CC1420-204-Wk2,chr20,50892557,100,G,0,53,0.53,0.0000,0.0000,0.0000,0.4700,0.00,0.00,
Sample_CC1420-204-Wk4,chr20,50892557,74,G,0,41,0.55,0.0000,0.0000,0.0000,0.4459,0.00,0.00,
Sample_CC1566-203-Pre,chr20,50892501,57,G,0,34,0.60,0.0000,0.0000,0.0000,0.4035,0.00,0.00,
Sample_CC1566-203-Post,chr20,50892501,79,G,2,41,0.53,0.0000,0.0000,0.0000,0.4675,0.00,0.00,
Sample_CC1566-203-D1,chr20,50892501,72,G,0,44,0.61,0.0000,0.0000,0.0000,0.3889,0.00,0.00,
Sample_CC1566-203-Wk1,chr20,50892501,71,G,1,42,0.60,0.0000,0.0000,0.0000,0.4000,0.00,0.00,
Sample_CC1566-203-Wk2,chr20,50892501,80,G,0,35,0.44,0.0000,0.0000,0.0000,0.5625,0.00,0.00,
Sample_CC1566-203-Wk4,chr20,50892501,76,G,0,43,0.57,0.0000,0.0000,0.0000,0.4342,0.00,0.00,
Sample_CC1360.201-Post,chr20,50894375,36,G,0,36,0.64,0.0000,0.0000,0.0000,0.0000,0.36,0.00,
Sample_CC1360.201-D1,chr20,50894375,25,G,0,25,0.46,0.0000,0.0000,0.0000,0.0000,0.54,0.00,
Sample_CC1360.201-Wk1,chr20,50894375,26,G,0,26,0.46,0.0000,0.0000,0.0000,0.0000,0.54,0.00,
Sample_CC1360.201-Wk2,chr20,50894375,41,G,1,40,0.51,0.0000,0.0000,0.0000,0.0000,0.49,0.00,
Sample_CC1360.201-Wk4,chr20,50894375,44,G,0,44,0.62,0.0000,0.0000,0.0000,0.0000,0.38,0.00,
Sample_CC1327-202-Pre,chr20,50892215,75,T,0,75,0.6075,0.0000,0.0000,0.0000,0.0000,0.00,0.00,
Sample_CC1327-202-Post,chr20,50892215,51,T,0,51,0.625,0.0000,0.0000,0.0000,0.0000,0.00,0.00,
Sample_CC1327-202-D1,chr20,50892215,28,T,0,28,0.5525,0.0000,0.0000,0.0000,0.0000,0.00,0.00,
Sample_CC1327-202-Wk1,chr20,50892215,57,T,2,55,0.58,0.0000,0.0000,0.0000,0.0000,0.00,0.00,
Sample_CC1327-202-Wk2,chr20,50892215,39,T,1,38,0.575,0.0000,0.0000,0.0000,0.0000,0.00,0.00,
Sample_CC1327-202-Wk4,chr20,50892215,68,T,0,68,0.8275,0.0000,0.0000,0.0000,0.0000,0.00,0.00,
Sample_CC1329-202-Pre,chr20,50894352,78,A,1,77,0.83,0.0000,0.0000,0.0000,0.0000,0.00,0.00,
Sample_CC1329-202-D1,chr20,50894352,41,A,0,41,0.53,0.0000,0.0000,0.0000,0.0000,0.00,0.00,
Sample_CC1329-202-Wk1,chr20,50894352,35,A,1,34,0.49,0.0000,0.0000,0.0000,0.0000,0.00,0.00,
Sample_CC1329-202-Wk2,chr20,50894352,43,A,0,43,0.57,0.0000,0.0000,0.0000,0.0000,0.00,0.00,
Sample_CC1329-202-Wk4,chr20,50894352,45,A,0,45,0.575,0.0000,0.0000,0.0000,0.0000,0.00,0.00,
Sample_CC1409-203-Pre,chr20,50893606,62,G,0,62,1.00,0.0000,0.0000,0.0000,0.0000,0.00,0.00,
Sample_CC1409-203-Post,chr20,50893606,33,G,0,33,1.00,0.0000,0.0000,0.0000,0.0000,0.00,0.00,
Sample_CC1409-203-D1,chr20,50893606,59,G,1,58,1.00,0.0000,0.0000,0.0000,0.0000,0.00,0.00,
Sample_CC1409-203-Wk1,chr20,50893606,34,G,1,33,1.00,0.0000,0.0000,0.0000,0.0000,0.00,0.00,
Sample_CC1409-203-Wk2,chr20,50893606,38,G,0,38,1.00,0.0000,0.0000,0.0000,0.0000,0.00,0.00,
Sample_CC1409-203-Wk4,chr20,50893606,52,G,0,52,1.00,0.0000,0.0000,0.0000,0.0000,0.00,0.00,
Sample_CC1628-201-Pre,chr20,50894374,71,A,0,71,0.64,0.0000,0.0000,0.0000,0.0000,0.00,0.00,
Sample_CC1628-201-Post,chr20,50894374,44,A,1,43,0.53,0.0000,0.0000,0.0000,0.0000,0.00,0.00,
Sample_CC1628-201-D1,chr20,50894374,47,A,0,47,0.5225,0.0000,0.0000,0.0000,0.0000,0.00,0.00,
Sample_CC1628-201-Wk1,chr20,50894374,47,A,0,47,0.58,0.0000,0.0000,0.0000,0.0000,0.00,0.00,
Sample_CC1628-201-Wk2,chr20,50894374,59,A,1,58,0.5725,0.0000,0.0000,0.0000,0.0000,0.00,0.00,
Sample_CC1668-201-Pre,chr20,50893895,50,G,1,49,0.61,0.0000,0.0000,0.0000,0.0000,0.39,0.00,
Sample_CC1668-201-Wk2,chr20,50893895,57,G,0,57,0.61,0.0000,0.0000,0.0000,0.0000,0.39,0.00,
Sample_CC1668-201-Wk4,chr20,50893895,50,G,2,48,0.62,0.0000,0.0000,0.0000,0.0000,0.38,0.00,
Sample_CC1680-202-Post,chr20,50894063,37,T,2,35,1.00,0.0000,0.0000,0.0000,0.0000,0.0000,0.00,
Sample_CC1680-202-Wk2,chr20,50894063,36,T,0,36,1.00,0.0000,0.0000,0.0000,0.0000,0.0000,0.00,
Sample_CC1680-202-Wk4,chr20,50894063,53,T,0,53,1.00,0.0000,0.0000,0.0000,0.0000,0.0000,0.00,